mount	137	420			
mount	190	376			
mount	284	617			
mount	291	613			
mount	464	471			
mount	550	501			
mount	568	691			
mount	590	409			
mount	598	638			
mount	653	797			
mount	745	634			
mount	994	43			
mount	1110	512			
mount	1213	668			
mount	1219	224			
mount	1220	235			
mount	1221	246			
mount	1281	726			
mount	1416	311			
mount	1417	545			
mount	1427	556			
mount	1430	70			
mount	1431	64			
mount	1433	805			
mount	1448	715			
mount	1449	268			
mount	1452	158			
mount	1458	136			
mount	1460	147			
mount	1461	169			
mount	1464	114			
mount	1465	95			
mount	1466	300			
mount	1467	431			
mount	1470	461			
mount	1471	451			
mount	1472	441			
mount	1473	103			
mount	1482	31			
mount	1483	621			
mount	1488	814			
mount	1519	523			
mount	1529	481			
mount	1588	343			
mount	1639	676			
mount	1670	75			
mount	1671	80			
mount	1672	85			
mount	1673	90			
mount	1678	354			
mount	1732	365			
mount	1847	912			
mount	1854	387			
mount	1882	279			
mount	1883	257			
mount	1884	180			
mount	1885	191			
mount	1886	213			
mount	1887	202			
mount	1894	398			
mount	1919	96			
events	137	59	0	2	2
events	137	62	0	11	126
events	137	65	0	7	126
events	137	86	0	99	1792
events	190	5	0	370	14
events	464	181	0	11	126
events	464	184	0	7	126
events	464	186	0	2	2
events	464	193	0	99	1792
events	550	7	0	500	2046
events	550	52	0	500	6
events	568	5	0	49	6
events	590	1	0	58	8388622
events	590	11	0	230	8388614
events	590	12	0	0	8388614
events	590	12	4096	4096	8388614
events	590	12	4352	4352	8388614
events	590	12	4608	4608	8388614
events	590	12	4864	4864	8388614
events	590	12	5120	5120	8388614
events	590	12	5376	5376	8388614
events	590	12	5632	5632	8388614
events	590	12	5888	5888	8388614
events	590	12	6144	6144	8388614
events	590	12	6400	6400	8388614
events	590	12	6656	6656	8388614
events	590	12	6912	6912	8388614
events	590	12	7168	7168	8388614
events	590	12	7424	7424	8388614
events	590	12	7680	7680	8388614
events	590	12	7936	7936	8388614
events	590	12	8192	8192	8388614
events	590	12	8448	8448	8388614
events	590	12	8704	8704	8388614
events	590	12	8960	8960	8388614
events	590	12	9216	9216	8388614
events	590	12	9472	9472	8388614
events	590	12	9728	9728	8388614
events	590	12	9984	9984	8388614
events	590	12	10240	10240	8388614
events	590	12	10496	10496	8388614
events	590	12	10752	10752	8388614
events	590	12	11008	11008	8388614
events	590	12	11264	11264	8388614
events	590	12	11520	11520	8388614
events	590	12	11776	11776	8388614
events	590	12	12032	12032	8388614
events	590	12	12288	12288	8388614
events	590	12	12544	12544	8388614
events	590	12	12800	12800	8388614
events	590	12	13056	13056	8388614
events	590	12	13312	13312	8388614
events	590	12	13568	13568	8388614
events	590	12	13824	13824	8388614
events	590	12	14080	14080	8388614
events	590	12	14336	14336	8388614
events	590	12	14592	14592	8388614
events	590	12	14848	14848	8388614
events	590	12	15104	15104	8388614
events	590	12	15360	15360	8388614
events	590	12	15616	15616	8388614
events	590	12	15872	15872	8388614
events	590	12	16128	16128	8388614
events	590	12	16384	16384	8388614
events	590	12	16640	16640	8388614
events	590	12	16896	16896	8388614
events	590	12	17152	17152	8388614
events	590	12	17408	17408	8388614
events	590	12	17664	17664	8388614
events	590	12	17920	17920	8388614
events	590	12	18176	18176	8388614
events	590	12	18432	18432	8388614
events	590	12	18688	18688	8388614
events	590	12	18944	18944	8388614
events	590	12	19200	19200	8388614
events	590	12	19456	19456	8388614
events	590	12	19712	19712	8388614
events	590	12	19968	19968	8388614
events	590	12	20224	20224	8388614
events	590	12	20480	20480	8388614
events	590	12	20736	20736	8388614
events	590	12	20992	20992	8388614
events	590	12	21248	21248	8388614
events	590	12	21504	21504	8388614
events	590	12	21760	21760	8388614
events	590	12	22016	22016	8388614
events	590	12	22272	22272	8388614
events	590	12	22528	22528	8388614
events	590	12	22784	22784	8388614
events	590	12	23040	23040	8388614
events	590	12	23296	23296	8388614
events	590	12	23552	23552	8388614
events	590	12	23808	23808	8388614
events	653	155	0	500	62
events	653	166	0	500	62
events	653	177	0	500	62
events	653	188	0	500	62
events	653	199	0	500	62
events	653	210	0	500	62
events	653	221	0	500	62
events	653	232	0	500	62
events	653	243	0	500	62
events	653	254	0	500	62
events	907	39	0	0	16777218
events	907	46	0	0	16777218
events	907	75	0	0	16777218
events	907	101	0	0	16777218
events	1110	31	0	200	2
events	1110	38	0	600	1040
events	1110	83	0	600	1040
events	1110	85	0	600	2
events	1219	1	0	264	8616966
events	1219	1	0	264	10320902
events	1219	7	7	10	10319874
events	1219	7	7	16	2
events	1220	1	0	264	8616966
events	1220	1	0	264	10320902
events	1220	7	7	16	2
events	1221	1	0	264	8616966
events	1221	1	0	264	10320902
events	1221	7	7	16	2
events	1281	9	0	0	16777218
events	1281	12	65535	65535	16777218
events	1416	3	0	3249	62
events	1416	11	0	99	2359334
events	1416	11	100	199	4
events	1416	11	200	200	2097152
events	1417	9	0	0	2621470
events	1417	9	4096	4096	2621470
events	1417	9	4352	4352	2621470
events	1417	9	4608	4608	2621470
events	1417	9	4864	4864	2621470
events	1417	9	5120	5120	2621470
events	1417	9	5376	5376	2621470
events	1417	9	5632	5632	2621470
events	1417	9	5888	5888	2621470
events	1417	9	6144	6144	2621470
events	1417	9	6400	6400	2621470
events	1417	9	6656	6656	2621470
events	1417	9	6912	6912	2621470
events	1417	9	7168	7168	2621470
events	1417	9	7424	7424	2621470
events	1417	9	7680	7680	2621470
events	1417	9	7936	7936	2621470
events	1417	9	8192	8192	2621470
events	1417	9	8448	8448	2621470
events	1417	9	8704	8704	2621470
events	1417	9	8960	8960	2621470
events	1417	9	9216	9216	2621470
events	1417	9	9472	9472	2621470
events	1417	9	9728	9728	2621470
events	1417	9	9984	9984	2621470
events	1417	9	10240	10240	2621470
events	1417	9	10496	10496	2621470
events	1417	9	10752	10752	2621470
events	1417	9	11008	11008	2621470
events	1417	9	11264	11264	2621470
events	1427	29	0	600	1040
events	1430	13	65535	65535	8650758
events	1430	18	65535	65535	2046
events	1430	19	65535	65535	8388608
events	1430	26	65535	65535	8388608
events	1430	38	65535	65535	0
events	1430	38	65535	65535	2
events	1430	59	65535	65535	8650754
events	1430	66	65535	65535	11239422
events	1430	69	65535	65535	11239422
events	1430	79	65535	65535	11239422
events	1430	82	65535	65535	11239422
events	1430	92	65535	65535	11239422
events	1430	95	65535	65535	11239422
events	1430	105	65535	65535	11239422
events	1430	108	65535	65535	11239422
events	1430	118	65535	65535	11239422
events	1430	121	65535	65535	11239422
events	1430	131	65535	65535	11239422
events	1430	134	65535	65535	11239422
events	1430	144	65535	65535	11239422
events	1430	147	65535	65535	11239422
events	1430	157	65535	65535	11239422
events	1430	160	65535	65535	11239422
events	1430	170	65535	65535	11239422
events	1430	173	65535	65535	11239422
events	1430	183	65535	65535	11239422
events	1430	186	65535	65535	11239422
events	1430	196	65535	65535	11239422
events	1430	199	65535	65535	11239422
events	1430	209	65535	65535	11239422
events	1430	212	65535	65535	11239422
events	1430	222	65535	65535	11239422
events	1430	225	65535	65535	11239422
events	1430	235	65535	65535	2098176
events	1430	238	65535	65535	2098176
events	1430	258	65535	65535	448
events	1430	259	65535	65535	1984
events	1430	260	65535	65535	1984
events	1430	261	65535	65535	1984
events	1431	0	0	49	6
events	1433	6	0	6	2
events	1449	1	0	264	8616966
events	1449	1	0	264	10320902
events	1449	7	7	16	2
events	1452	1	0	264	8616966
events	1452	1	0	264	10320902
events	1452	7	7	16	2
events	1458	40	0	45	8388610
events	1460	1	0	264	8592390
events	1460	1	0	264	10320902
events	1460	5	7	16	2
events	1461	1	0	264	8617038
events	1461	1	0	264	10320974
events	1461	7	7	10	10319874
events	1461	7	7	16	2
events	1464	15	0	18	10749950
events	1464	15	0	18	15302654
events	1464	19	0	1	2046
events	1464	19	4096	4097	2046
events	1464	19	4352	4353	2046
events	1464	19	4608	4609	2046
events	1464	19	4864	4865	2046
events	1465	19	65535	65535	8388608
events	1466	7	0	29	30
events	1467	180	0	11	126
events	1467	183	0	7	126
events	1467	185	0	2	2
events	1467	192	0	99	1792
events	1470	181	0	11	126
events	1470	184	0	7	126
events	1470	186	0	2	2
events	1470	193	0	99	1792
events	1471	181	0	11	126
events	1471	184	0	7	126
events	1471	186	0	2	2
events	1471	193	0	99	1792
events	1472	187	0	11	126
events	1472	190	0	7	126
events	1472	192	0	2	2
events	1472	193	0	99	1792
events	1473	5	0	27	15433102
events	1473	5	65535	65535	2097152
events	1473	9	0	1	2099198
events	1473	9	4096	4097	2099198
events	1473	9	4352	4353	2099198
events	1473	9	4608	4609	2099198
events	1473	9	4864	4865	2099198
events	1473	9	5120	5121	2099198
events	1473	9	5376	5377	2099198
events	1473	20	0	17	1422
events	1477	1	0	12	2
events	1477	2	0	300	2
events	1477	17	0	46	2
events	1477	17	65535	65535	2
events	1477	24	65535	65535	2
events	1477	25	65535	65535	2
events	1477	26	65535	65535	2097152
events	1477	28	65535	65535	2097152
events	1477	51	0	0	9175040
events	1477	51	1	7	9175040
events	1477	51	3	4	9175040
events	1477	51	11	13	9175040
events	1477	61	65535	65535	2097152
events	1477	63	0	0	9175040
events	1477	63	1	7	9175040
events	1477	63	11	13	9175040
events	1477	65	1	1	2
events	1477	67	65535	65535	2097152
events	1477	69	0	0	9175040
events	1477	69	1	7	9175040
events	1477	69	11	13	9175040
events	1477	71	1	1	4
events	1477	72	65535	65535	2097152
events	1477	74	0	0	9175040
events	1477	74	1	7	9175040
events	1477	74	11	13	9175040
events	1477	77	65535	65535	2097152
events	1477	79	0	0	9175040
events	1477	79	1	7	9175040
events	1477	79	11	13	9175040
events	1477	82	65535	65535	2097152
events	1477	84	0	0	9175040
events	1477	84	1	7	9175040
events	1477	84	11	13	9175040
events	1477	87	65535	65535	2097152
events	1477	89	0	0	9175040
events	1477	89	1	7	9175040
events	1477	89	11	13	9175040
events	1477	92	65535	65535	2097152
events	1477	98	0	0	9175040
events	1477	98	1	7	9175040
events	1477	98	3	4	9175040
events	1477	98	11	13	9175040
events	1477	99	1	1	6
events	1477	101	65535	65535	2097152
events	1477	106	0	0	9175040
events	1477	106	1	7	9175040
events	1477	106	3	4	9175040
events	1477	106	11	13	9175040
events	1477	106	16	16	2
events	1477	107	0	1	2
events	1477	112	65535	65535	2097152
events	1477	117	0	0	9175040
events	1477	117	1	7	9175040
events	1477	117	3	4	9175040
events	1477	117	11	13	9175040
events	1477	117	16	16	2
events	1477	118	0	1	2
events	1477	123	65535	65535	2097152
events	1477	128	0	0	9175040
events	1477	128	1	7	9175040
events	1477	128	3	4	9175040
events	1477	128	11	13	9175040
events	1477	129	0	1	2
events	1477	134	65535	65535	2097152
events	1477	139	0	0	9175040
events	1477	139	1	7	9175040
events	1477	139	3	4	9175040
events	1477	139	11	13	9175040
events	1477	139	16	16	2
events	1477	140	0	1	2
events	1477	145	65535	65535	2097152
events	1477	150	0	0	9175040
events	1477	150	1	7	9175040
events	1477	150	3	4	9175040
events	1477	150	11	13	9175040
events	1477	150	16	16	2
events	1477	151	0	1	2
events	1477	156	65535	65535	2097152
events	1477	161	0	0	9175040
events	1477	161	1	7	9175040
events	1477	161	3	4	9175040
events	1477	161	11	13	9175040
events	1477	161	16	16	2
events	1477	162	0	1	2
events	1477	167	65535	65535	2097152
events	1477	172	0	0	9175040
events	1477	172	1	7	9175040
events	1477	172	3	4	9175040
events	1477	172	11	13	9175040
events	1477	173	0	1	2
events	1477	178	65535	65535	2097152
events	1477	183	0	0	9175040
events	1477	183	1	7	9175040
events	1477	183	3	4	9175040
events	1477	183	11	13	9175040
events	1477	183	16	16	2
events	1477	184	0	1	2
events	1477	189	65535	65535	2097152
events	1477	194	0	0	9175040
events	1477	194	1	7	9175040
events	1477	194	3	4	9175040
events	1477	194	11	13	9175040
events	1477	194	16	16	2
events	1477	195	0	1	2
events	1477	200	65535	65535	2097152
events	1477	205	0	0	9175040
events	1477	205	1	7	9175040
events	1477	205	3	4	9175040
events	1477	205	11	13	9175040
events	1477	205	16	16	2
events	1477	206	0	1	2
events	1477	211	65535	65535	2097152
events	1477	216	0	0	9175040
events	1477	216	1	7	9175040
events	1477	216	3	4	9175040
events	1477	216	11	13	9175040
events	1477	216	16	16	2
events	1477	217	0	1	2
events	1477	222	65535	65535	2097152
events	1477	227	0	0	9175040
events	1477	227	1	7	9175040
events	1477	227	3	4	9175040
events	1477	227	11	13	9175040
events	1477	228	0	1	2
events	1477	233	65535	65535	2097152
events	1477	238	0	0	9175040
events	1477	238	1	7	9175040
events	1477	238	3	4	9175040
events	1477	238	11	13	9175040
events	1477	238	16	16	2
events	1477	239	0	1	2
events	1477	244	65535	65535	2097152
events	1477	249	0	0	9175040
events	1477	249	1	7	9175040
events	1477	249	3	4	9175040
events	1477	249	11	13	9175040
events	1477	249	16	16	2
events	1477	250	0	1	2
events	1477	255	65535	65535	2097152
events	1477	260	0	0	9175040
events	1477	260	1	7	9175040
events	1477	260	3	4	9175040
events	1477	260	11	13	9175040
events	1477	260	16	16	2
events	1477	261	0	1	2
events	1477	266	65535	65535	2097152
events	1477	271	0	0	9175040
events	1477	271	1	7	9175040
events	1477	271	3	4	9175040
events	1477	271	11	13	9175040
events	1477	272	0	1	2
events	1477	277	65535	65535	2097152
events	1477	282	0	0	9175040
events	1477	282	1	7	9175040
events	1477	282	3	4	9175040
events	1477	282	11	13	9175040
events	1477	283	0	1	2
events	1477	288	65535	65535	2097152
events	1477	292	0	0	9175040
events	1477	292	1	7	9175040
events	1477	292	3	4	9175040
events	1477	292	11	13	9175040
events	1477	294	0	1	2
events	1477	298	65535	65535	2097152
events	1477	303	0	0	9175040
events	1477	303	1	7	9175040
events	1477	303	3	4	9175040
events	1477	303	11	13	9175040
events	1477	304	0	1	2
events	1477	309	65535	65535	2097152
events	1477	314	0	0	9175040
events	1477	314	1	7	9175040
events	1477	314	3	4	9175040
events	1477	314	11	13	9175040
events	1477	315	0	1	2
events	1477	320	65535	65535	2097152
events	1477	325	0	0	9175040
events	1477	325	1	7	9175040
events	1477	325	3	4	9175040
events	1477	325	11	13	9175040
events	1477	326	0	1	2
events	1477	331	65535	65535	2097152
events	1477	336	0	0	9175040
events	1477	336	1	7	9175040
events	1477	336	3	4	9175040
events	1477	336	11	13	9175040
events	1477	341	65535	65535	2097152
events	1477	346	0	0	9175040
events	1477	346	1	7	9175040
events	1477	346	3	4	9175040
events	1477	346	11	13	9175040
events	1477	351	0	1	2
events	1477	352	65535	65535	2097152
events	1477	357	0	0	9175040
events	1477	357	1	7	9175040
events	1477	357	3	4	9175040
events	1477	357	11	13	9175040
events	1477	362	0	1	2
events	1477	363	65535	65535	2097152
events	1477	368	0	0	9175040
events	1477	368	1	7	9175040
events	1477	368	3	4	9175040
events	1477	368	11	13	9175040
events	1477	373	0	1	2
events	1477	374	65535	65535	2097152
events	1477	379	0	0	9175040
events	1477	379	1	7	9175040
events	1477	379	3	4	9175040
events	1477	379	11	13	9175040
events	1477	384	0	1	2
events	1477	385	65535	65535	2097152
events	1477	390	0	0	9175040
events	1477	390	1	7	9175040
events	1477	390	3	4	9175040
events	1477	390	11	13	9175040
events	1477	395	0	1	2
events	1477	396	65535	65535	2097152
events	1477	401	0	0	9175040
events	1477	401	1	7	9175040
events	1477	401	3	4	9175040
events	1477	401	11	13	9175040
events	1477	406	0	1	2
events	1477	407	65535	65535	2097152
events	1477	412	0	0	9175040
events	1477	412	1	7	9175040
events	1477	412	3	4	9175040
events	1477	412	11	13	9175040
events	1477	413	0	1	2
events	1477	418	65535	65535	2097152
events	1477	423	0	0	9175040
events	1477	423	1	7	9175040
events	1477	423	3	4	9175040
events	1477	423	11	13	9175040
events	1477	424	0	1	2
events	1477	429	65535	65535	2097152
events	1477	433	0	0	9175040
events	1477	433	1	7	9175040
events	1477	433	3	4	9175040
events	1477	433	11	13	9175040
events	1477	434	0	1	2
events	1477	439	65535	65535	2097152
events	1477	443	0	0	9175040
events	1477	443	1	7	9175040
events	1477	443	3	4	9175040
events	1477	443	11	13	9175040
events	1477	444	0	1	2
events	1477	449	65535	65535	2097152
events	1477	453	0	0	9175040
events	1477	453	1	7	9175040
events	1477	453	3	4	9175040
events	1477	453	11	13	9175040
events	1477	454	0	1	2
events	1477	459	65535	65535	2097152
events	1477	463	0	0	9175040
events	1477	463	1	7	9175040
events	1477	463	3	4	9175040
events	1477	463	11	13	9175040
events	1477	464	0	1	2
events	1477	469	65535	65535	2097152
events	1477	473	0	0	9175040
events	1477	473	1	7	9175040
events	1477	473	3	4	9175040
events	1477	473	11	13	9175040
events	1477	474	0	1	2
events	1477	479	65535	65535	2097152
events	1477	483	0	0	9175040
events	1477	483	1	7	9175040
events	1477	483	3	4	9175040
events	1477	483	11	13	9175040
events	1477	484	0	1	2
events	1477	489	65535	65535	2097152
events	1477	493	0	0	9175040
events	1477	493	1	7	9175040
events	1477	493	3	4	9175040
events	1477	493	11	13	9175040
events	1477	494	0	1	2
events	1477	499	65535	65535	2097152
events	1477	504	0	0	9175040
events	1477	504	1	7	9175040
events	1477	504	3	4	9175040
events	1477	504	11	13	9175040
events	1477	505	0	1	2
events	1477	510	65535	65535	2097152
events	1477	515	0	0	9175040
events	1477	515	1	7	9175040
events	1477	515	3	4	9175040
events	1477	515	11	13	9175040
events	1477	516	0	1	2
events	1477	521	65535	65535	2097152
events	1477	526	0	0	9175040
events	1477	526	1	7	9175040
events	1477	526	3	4	9175040
events	1477	526	11	13	9175040
events	1477	527	0	1	2
events	1477	532	65535	65535	2097152
events	1477	537	0	0	9175040
events	1477	537	1	7	9175040
events	1477	537	3	4	9175040
events	1477	537	11	13	9175040
events	1477	538	0	1	2
events	1477	543	65535	65535	2097152
events	1477	548	0	0	9175040
events	1477	548	1	7	9175040
events	1477	548	3	4	9175040
events	1477	548	11	13	9175040
events	1477	549	0	1	2
events	1477	554	65535	65535	2097152
events	1477	559	0	0	9175040
events	1477	559	1	7	9175040
events	1477	559	3	4	9175040
events	1477	559	11	13	9175040
events	1477	560	0	1	2
events	1477	569	0	0	9175040
events	1477	569	1	2	9175040
events	1477	569	3	4	9175040
events	1477	569	6	7	9175040
events	1477	569	11	11	9175040
events	1477	569	13	13	9175040
events	1477	573	0	0	9175040
events	1477	573	1	2	9175040
events	1477	573	3	4	9175040
events	1477	577	0	0	9175040
events	1477	577	1	2	9175040
events	1477	577	3	4	9175040
events	1477	585	0	0	9175040
events	1477	585	1	2	9175040
events	1477	585	3	4	9175040
events	1477	589	0	0	9175040
events	1477	589	1	2	9175040
events	1477	589	3	4	9175040
events	1477	593	0	0	9175040
events	1477	593	1	2	9175040
events	1477	593	3	4	9175040
events	1477	597	0	0	9175040
events	1477	597	1	2	9175040
events	1477	597	3	4	9175040
events	1477	601	0	0	9175040
events	1477	601	1	2	9175040
events	1477	601	3	4	9175040
events	1477	606	0	0	9175040
events	1477	606	1	2	9175040
events	1477	606	3	4	9175040
events	1477	610	0	0	9175040
events	1477	610	1	2	9175040
events	1477	610	3	4	9175040
events	1477	614	0	0	9175040
events	1477	614	1	7	9175040
events	1477	614	3	4	9175040
events	1477	614	11	13	9175040
events	1477	618	0	0	9175040
events	1477	618	1	7	9175040
events	1477	618	3	4	9175040
events	1477	618	11	13	9175040
events	1477	622	0	0	9175040
events	1477	622	1	2	9175040
events	1477	622	3	4	9175040
events	1477	628	0	0	9175040
events	1477	628	1	2	9175040
events	1477	628	3	4	9175040
events	1477	631	0	0	9175040
events	1477	631	1	2	9175040
events	1477	631	3	4	9175040
events	1477	635	0	0	9175040
events	1477	635	1	2	9175040
events	1477	635	3	4	9175040
events	1477	641	0	0	9175040
events	1477	641	1	7	9175040
events	1477	641	3	4	9175040
events	1477	641	11	13	9175040
events	1477	645	0	0	9175040
events	1477	645	1	2	9175040
events	1477	645	3	4	9175040
events	1477	649	0	0	9175040
events	1477	649	1	7	9175040
events	1477	649	3	4	9175040
events	1477	649	11	13	9175040
events	1477	653	0	0	9175040
events	1477	653	1	2	9175040
events	1477	653	3	4	9175040
events	1477	657	0	0	9175040
events	1477	657	1	2	9175040
events	1477	657	3	4	9175040
events	1477	665	0	0	9175040
events	1477	665	1	2	9175040
events	1477	665	3	4	9175040
events	1477	669	0	0	9175040
events	1477	669	1	2	9175040
events	1477	669	3	4	9175040
events	1477	673	0	0	9175040
events	1477	673	1	2	9175040
events	1477	673	3	4	9175040
events	1477	677	0	0	9175040
events	1477	677	1	2	9175040
events	1477	677	3	4	9175040
events	1477	681	0	0	9175040
events	1477	681	1	2	9175040
events	1477	681	3	4	9175040
events	1477	685	0	0	9175040
events	1477	685	1	2	9175040
events	1477	685	3	4	9175040
events	1477	696	0	0	9175040
events	1477	696	1	7	9175040
events	1477	696	3	4	9175040
events	1477	696	11	13	9175040
events	1477	701	0	0	9175040
events	1477	701	1	2	9175040
events	1477	701	3	4	9175040
events	1477	701	6	7	9175040
events	1477	701	11	11	9175040
events	1477	701	13	13	9175040
events	1477	706	0	0	9175040
events	1477	706	1	7	9175040
events	1477	706	3	4	9175040
events	1477	706	11	13	9175040
events	1477	708	65535	65535	2097152
events	1477	712	0	0	9175040
events	1477	712	1	2	9175040
events	1477	712	3	4	9175040
events	1477	717	0	1	2
events	1477	721	0	0	9175040
events	1477	721	1	2	9175040
events	1477	721	3	4	9175040
events	1477	727	0	0	9175040
events	1477	727	1	2	9175040
events	1477	727	3	4	9175040
events	1477	731	0	0	9175040
events	1477	731	1	2	9175040
events	1477	731	3	4	9175040
events	1477	736	0	0	9175040
events	1477	736	1	2	9175040
events	1477	736	3	4	9175040
events	1477	737	65535	65535	2097152
events	1477	741	0	0	9175040
events	1477	742	0	1	2
events	1477	751	0	0	9175040
events	1477	751	1	2	9175040
events	1477	751	3	4	9175040
events	1477	823	0	0	9175040
events	1477	823	1	2	9175040
events	1477	823	3	4	9175040
events	1477	896	0	1000	2
events	1477	912	0	0	2
events	1529	180	0	11	126
events	1529	183	0	7	126
events	1529	185	0	2	2
events	1529	192	0	99	1792
events	1588	9	0	28	28
events	1588	13	0	10	6
events	1588	14	65535	65535	2046
events	1588	15	0	78	1730
events	1588	16	0	100	2359302
events	1588	17	0	0	6
events	1588	19	0	10	6
events	1588	20	65535	65535	2046
events	1588	21	0	78	1730
events	1588	22	0	100	2359302
events	1588	23	0	0	6
events	1588	25	0	10	6
events	1588	26	65535	65535	2046
events	1588	27	0	78	1730
events	1588	28	0	100	2359302
events	1588	29	0	0	6
events	1670	21	65535	65535	11239422
events	1670	24	65535	65535	11239422
events	1670	34	65535	65535	11239422
events	1670	37	65535	65535	11239422
events	1670	47	65535	65535	11239422
events	1670	50	65535	65535	11239422
events	1670	60	65535	65535	11239422
events	1670	63	65535	65535	11239422
events	1670	73	65535	65535	11239422
events	1670	76	65535	65535	11239422
events	1670	86	65535	65535	11239422
events	1670	89	65535	65535	11239422
events	1670	99	65535	65535	11239422
events	1670	102	65535	65535	11239422
events	1670	112	65535	65535	11239422
events	1670	115	65535	65535	11239422
events	1670	125	65535	65535	11239422
events	1670	128	65535	65535	11239422
events	1670	138	65535	65535	11239422
events	1670	141	65535	65535	11239422
events	1670	151	65535	65535	2098176
events	1670	154	65535	65535	2098176
events	1670	164	65535	65535	11239422
events	1670	167	65535	65535	11239422
events	1670	177	65535	65535	11239422
events	1670	180	65535	65535	11239422
events	1670	190	65535	65535	11239422
events	1670	193	65535	65535	11239422
events	1671	19	65535	65535	11239422
events	1671	22	65535	65535	11239422
events	1671	32	65535	65535	11239422
events	1671	35	65535	65535	11239422
events	1671	45	65535	65535	11239422
events	1671	48	65535	65535	11239422
events	1671	58	65535	65535	11239422
events	1671	61	65535	65535	11239422
events	1671	71	65535	65535	11239422
events	1671	74	65535	65535	11239422
events	1671	84	65535	65535	11239422
events	1671	87	65535	65535	11239422
events	1671	97	65535	65535	11239422
events	1671	100	65535	65535	11239422
events	1671	110	65535	65535	11239422
events	1671	113	65535	65535	11239422
events	1671	123	65535	65535	11239422
events	1671	126	65535	65535	11239422
events	1671	136	65535	65535	11239422
events	1671	139	65535	65535	11239422
events	1671	149	65535	65535	11239422
events	1671	152	65535	65535	11239422
events	1671	162	65535	65535	11239422
events	1671	165	65535	65535	11239422
events	1671	175	65535	65535	11239422
events	1671	178	65535	65535	11239422
events	1671	188	65535	65535	11239422
events	1671	191	65535	65535	11239422
events	1672	16	65535	65535	11239422
events	1672	19	65535	65535	11239422
events	1672	29	65535	65535	11239422
events	1672	32	65535	65535	11239422
events	1672	42	65535	65535	11239422
events	1672	45	65535	65535	11239422
events	1672	55	65535	65535	11239422
events	1672	58	65535	65535	11239422
events	1672	68	65535	65535	2098176
events	1672	71	65535	65535	2098176
events	1672	81	65535	65535	11239422
events	1672	84	65535	65535	11239422
events	1672	94	65535	65535	11239422
events	1672	97	65535	65535	11239422
events	1672	107	65535	65535	2098176
events	1672	110	65535	65535	2098176
events	1672	120	65535	65535	2098176
events	1672	123	65535	65535	2098176
events	1672	133	65535	65535	2098176
events	1672	136	65535	65535	2098176
events	1672	146	65535	65535	2098176
events	1672	149	65535	65535	2098176
events	1672	159	65535	65535	11239422
events	1672	162	65535	65535	11239422
events	1672	172	65535	65535	11239422
events	1672	175	65535	65535	11239422
events	1672	185	65535	65535	11239422
events	1672	188	65535	65535	11239422
events	1673	16	65535	65535	11239422
events	1673	19	65535	65535	11239422
events	1673	29	65535	65535	11239422
events	1673	32	65535	65535	11239422
events	1673	42	65535	65535	11239422
events	1673	45	65535	65535	11239422
events	1673	55	65535	65535	2098176
events	1673	58	65535	65535	2098176
events	1673	68	65535	65535	2098176
events	1673	71	65535	65535	2098176
events	1673	81	65535	65535	11239422
events	1673	84	65535	65535	11239422
events	1673	94	65535	65535	11239422
events	1673	97	65535	65535	11239422
events	1673	107	65535	65535	11239422
events	1673	110	65535	65535	11239422
events	1673	120	65535	65535	11239422
events	1673	123	65535	65535	11239422
events	1673	133	65535	65535	2098176
events	1673	136	65535	65535	2098176
events	1673	146	65535	65535	2098176
events	1673	149	65535	65535	2098176
events	1673	159	65535	65535	11239422
events	1673	162	65535	65535	11239422
events	1673	172	65535	65535	11239422
events	1673	175	65535	65535	11239422
events	1673	185	65535	65535	11239422
events	1673	188	65535	65535	11239422
events	1732	41	0	32	2
events	1854	6	0	1	2
events	1854	7	0	4	66
events	1882	1	0	264	8616966
events	1882	1	0	264	10320902
events	1882	7	7	16	2
events	1883	1	0	264	8616966
events	1883	1	0	264	10320902
events	1883	7	7	10	10319874
events	1883	7	7	16	2
events	1884	1	0	264	8617038
events	1884	1	0	264	10320974
events	1884	7	7	16	2
events	1885	1	0	264	8617038
events	1885	1	0	264	10320974
events	1885	7	7	16	2
events	1886	1	0	264	8617038
events	1886	1	0	264	10320974
events	1886	7	7	16	2
events	1887	1	0	264	8617038
events	1887	1	0	264	10320974
events	1887	7	7	16	2
events	1894	16	0	2	2
events	1894	18	0	0	6
events	1894	19	0	0	6
